mios_screener,n,perc
0,128,0.6183574879227053
1,79,0.38164251207729466
