mios_criterion_a,ptsd_positive_screen,mean_mios,mean_m2cq,mean_biis,n,perc
0,0,12.019867549668874,0.4800229847415277,39.331125827814574,151,72.94685990338165
1,0,18.38888888888889,1.012006512006512,35,36,17.391304347826086
1,1,28.05,1.6206936813186814,28.6,20,9.66183574879227
