mios_criterion_a,ptsd_positive_screen,mean_mios,mean_m2cq,mean_biis,n,perc
0,0,12.771739130434783,0.5489774944258639,38.858695652173914,184,73.30677290836654
1,0,18.975,1.0954384157509158,34.325,40,15.936254980079681
1,1,29.444444444444443,1.912732329398996,28.333333333333332,27,10.756972111553784
