measure,alpha
BIIS-2 Harmony vs Conflict,0.8842249227840405
M2C-Q,0.9500477283115302
MIOS,0.9166165635225338
