Civilian Cluster,n,M,SD
Lower Identity,99,15.717171717171718,0.6706744098963958
Higher Identity,112,11.651785714285714,1.3995483275812672
