n,ratio_sd_harmony,ratio_sd_blendedness
48,1.6914162256392078,1.996840979230467
31,1.6914162256392078,1.996840979230467
64,1.6914162256392078,1.996840979230467
68,1.6914162256392078,1.996840979230467
