mios_screener,n,perc
0,153,0.6095617529880478
1,98,0.3904382470119522
