model,res_df,rss,df,sum_sq,f_stat,p,r_sq,diff_r_sq,adj_r_sq
null,206,130.48724057712482,NA,NA,NA,NA,0,NA,0
1,196,92.89130742111473,10,37.596,12.308,1.9900048463628453e-16,0.288,0.28811961222973964,0.252
2,195,86.54946045987924,1,6.342,20.7616,9.185547712643568e-6,0.337,0.04860128034884137,0.299
3,194,59.25929496843862,1,27.29,89.3411,1.1121348543627809e-17,0.546,0.20914049044749877,0.518
