model,res_df,rss,df,sum_sq,f_stat,p,r_sq,adj_r_sq
null,211,138.81263856969713,NA,NA,NA,NA,0,0
1,201,119.55397140869479,10,19.259,5.9985,0,0.139,0.096
2,200,111.77697787415423,1,7.777,24.2229,0,0.195,0.15
3,199,63.89073034641067,1,47.886,149.151,0,0.54,0.512
