Experience moral injury event,PTSD: Positive Detection,n,%
0,0,166,61.71003717472119
0,1,2,0.7434944237918215
1,0,75,27.881040892193308
1,1,26,9.66542750929368
